N	Parallel	Sequential
1	0.005092	0.014536
2	0.029288	0.029888
3	0.028131	0.043821
4	0.031171	0.072915
5	0.035846	0.078906
6	0.049764	0.093383
7	0.050698	0.108593
8	0.048964	0.124980
9	0.064958	0.145717
10	0.071268	0.158111
11	0.064454	0.181713
12	0.080252	0.193379
13	0.087912	0.207849
14	0.096300	0.230006
15	0.098222	0.245186
16	0.117737	0.310394
17	0.165282	0.280346
18	0.113387	0.299863
19	0.132157	0.306185
20	0.112476	0.326376
